A2ZINFRA	A2Z Infra Engineering Ltd.
AKAIMPEXBE	Aafloat Textiles (India) Ltd.
AARTIDRUGS	Aarti Drugs Ltd.
AARTIIND	Aarti Industries Ltd.
AARVEEDEN	Aarvee Denims and Exports Ltd.
ABAN	Aban Offshore Ltd.
ABB	ABB India Ltd.
ABBOTINDIA	Abbott India Ltd.
ANTFRIBEARBE	ABC Bearings Ltd.
ABGSHIP	ABG Shipyard Ltd.
ABHISHEK	Abhishek Corporation Ltd.
ABNINTIT	ABN Intercorp Ltd.
ACC	ACC Ltd.
AFL	Accel Frontline Ltd.
ACCELYA	Accelya Kale Solutions Ltd.
ACELABBE	ACE Laboratories Ltd.
ACROPETAL	Acropetal Technologies Ltd.
ACE	Action Construction Equipment Ltd.
ADANIENT	Adani Enterprises Ltd.
ADANIPORTS	Adani Ports & Special Economic Zone Ltd.
ADANIPOWER	Adani Power Ltd.
ADANITRANS	Adani Transmission Ltd.
ADARSHCHEMBE	Adarsh Chemicals & Fertilisers Ltd.
KRONECOMM	ADC India Communications Ltd.
ADFFOODS	ADF Foods Ltd.
ADHUNIK	Adhunik Metaliks Ltd.
ADI	Adi Finechem Ltd.
ABCIL	Aditya Birla Chemicals (India) Ltd.
ABFRL	Aditya Birla Fashion and Retail Ltd.
PSIDATASYS	Aditya Birla Minacs IT Services Ltd.
BIRLAMONEY	Aditya Birla Money Ltd.
ABIRLANUVO	Aditya Birla Nuvo Ltd.
ADITYAINTL	Aditya International Ltd.
ADITYASPINBE	Aditya Spinners Ltd.
ADLABS	Adlabs Entertainment Ltd.
ADORWELD	Ador Welding Ltd.
AMTL	Advance Metering Technology Ltd.
ADVANIHOTR	Advani Hotels & Resorts (India) Ltd.
ADVANTA	Advanta Ltd.
AEGISCHEM	Aegis Logistics Ltd.
AFTEKBZ	Aftek Ltd.
AGARIND	Agarwal Industrial Corporation Ltd.
AGCNET	AGC Networks Ltd.
TELEDATAGL	Agnite Education Ltd.
AGRITECH	Agri-Tech (India) Ltd.
AGRODUTCH	Agro Dutch Industries Ltd.
ATFL	Agro Tech Foods Ltd.
AHIMSASM	Ahimsa Industries Ltd.
AHLUCONT	Ahluwalia Contracts (India) Ltd.
AICHAMPBE	AI Champdany Industries Ltd.
AIAENG	AIA Engineering Ltd.
AIMCOPESTBE	Aimco Pesticides Ltd.
AJANTPHARM	Ajanta Pharma Ltd.
AJMERA	Ajmera Realty & Infra India Ltd.
AKSHOPTFBR	Aksh Optifibre Ltd.
AKZOINDIA	Akzo Nobel India Ltd.
ALANKIT	Alankit Ltd.
ALCHEM	Alchemist Ltd.
ALEMBICLTD	Alembic Ltd.
APLLTD	Alembic Pharmaceuticals Ltd.
ALFALAVAL	Alfa Laval (India) Ltd.
ALFREDHERBBE	Alfred Herbert (India) Ltd.
ALICON	Alicon Castalloy Ltd.
ALKALI	Alkali Metals Ltd.
ALKEM	Alkem Laboratories Ltd.
ALKYLAMINE	Alkyl Amines Chemicals Ltd.
ALBK	Allahabad Bank
ALLCARGO	Allcargo Logistics Ltd.
ADSL	Allied Digital Services Ltd.
ALLIEDRESBE	Allied Resins & Chemicals Ltd.[Amalgamated]
ALLSEC	Allsec Technologies Ltd.
ALMONDZ	Almondz Global Securities Ltd.
ALOKTEXT	Alok Industries Ltd.
ALPABE	Alpa Laboratories Ltd.
ALPHAGEO	Alpha Geo (India) Ltd.
ALPINEHOUBE	Alpine Housing Development Corporation Ltd.
ALPINEINDBE	Alpine Industries Ltd.
ALPSINDUS	Alps Industries Ltd.
ALSAMARINEBE	Alsa Marine & Harvests Ltd.
AIL	Alstom India Ltd.
ALSTOMTandD	Alstom T&D India Ltd.
AMARBE	Amar Remedies Ltd.
AMARAJABAT	Amara Raja Batteries Ltd.
AMARJOTHI	Amarjothi Spinning Mills Ltd.
AMBASARABH	Ambalal Sarabhai Enterprises Ltd.
AMBICAAGAR	Ambica Agarbathies & Aroma Industries Ltd.
AMBIKCO	Ambika Cotton Mills Ltd.
MODICEMENTBE	Ambuja Cement Eastern Ltd.
AMBUJACEM	Ambuja Cements Ltd.
AMDIND	AMD Industries Ltd.
AMFORGEINDBE	Amforge Industries Ltd.
ASIL	Amit Spinning Industries Ltd.
AMLSTEELBE	AML Steel Ltd.
AMRUTANJAN	Amrutanjan Health Care Ltd.
AMTEKAUTO	Amtek Auto Ltd.
ANANTRAJ	Anant Raj Ltd.
BLKASHYAP	B L Kashyap & Sons Ltd.
BAFNAPHARM	Bafna Pharmaceuticals Ltd.
BAGFILMS	BAG Films & Media Ltd.
BAJAJ-AUTO	Bajaj Auto Ltd.
BAJAJCORP	Bajaj Corp Ltd.
BAJAJELEC	Bajaj Electricals Ltd.
BAJFINANCE	Bajaj Finance Ltd.
BAJAJFINSV	Bajaj Finserv Ltd.
BAJAJHIND	Bajaj Hindusthan Sugar Ltd.
BAJAJHLDNG	Bajaj Holdings & Investment Ltd.
BALPHARMA	Bal Pharma Ltd.
BALAMINES	Balaji Amines Ltd.
BALAJIDIST	Balaji Distilleries Ltd.[Amalgamated]
BALAJIIND	Balaji Industrial Corporation Ltd.
BALAJITELE	Balaji Telefilms Ltd.
ISPATALLOYBE	Balasore Alloys Ltd.
BALKRISIND	Balkrishna Industries Ltd.
BALLARPUR	Ballarpur Industries Ltd.
BALMLAWRIE	Balmer Lawrie & Company Ltd.
BALRAMCHIN	Balrampur Chini Mills Ltd.
BALURTRANSBE	Balurghat Technologies Ltd.
BANARBEADS	Banaras Beads Ltd.
BANCOINDIA	Banco Products (India) Ltd.
BANG	Bang Overseas Ltd.
BANKBARODA	Bank of Baroda
BANKINDIA	Bank of India
MAHABANK	Bank of Maharashtra
BANKRAJAS	Bank of Rajasthan Ltd.[Merged]
BASML	Bannari Amman Spinning Mills Ltd.
BANARISUG	Bannari Amman Sugars Ltd.
BANSWRAS	Banswara Syntex Ltd.
BVCL	Barak Valley Cements Ltd.
BARTRONICS	Bartronics India Ltd.
BASF	BASF India Ltd.
BATAINDIA	Bata India Ltd.
BATLIBOI	Batliboi Ltd.
BAYERCROP	Bayer Cropscience Ltd.
BDRIT	BDR Buildcon Ltd.
BEARDSELL	Beardsell Ltd.
BEDMUTHA	Bedmutha Industries Ltd.
BELLCERATL	Bell Ceramics Ltd.[Amalgamated]
BELLARYSTLBE	Bellary Steels & Alloys Ltd.
BEML	BEML Ltd.
BENGALTEABE	Bengal Tea and Fabrics Ltd.
BERGEPAINT	Berger Paints (India) Ltd.
BECRELBE	Best & Crompton Engineering Ltd.
BFINVEST	BF Investment Ltd.
BFUTILITIE	BF Utilities Ltd.
BGRENERGY	BGR Energy Systems Ltd.
BAGWATIGASBE	Bhagawati Gas Ltd.
BHAGERIA	Bhageria Industries Ltd.
BHAGYNAGAR	Bhagyanagar India Ltd.
BHALCHANDRIT	Bhalchandram Clothing Ltd.
BEPL	Bhansali Engineering Polymers Ltd.
BBL	Bharat Bijlee Ltd.
BEL	Bharat Electronics Ltd.
BHARATFORG	Bharat Forge Ltd.
BHARATGEAR	Bharat Gears Ltd.
BHEL	Bharat Heavy Electricals Ltd.
CANDC	C & C Constructions Ltd.
CMAHENDRABZ	C Mahendra Ltd.
CCIBE	Cable Corporation of India Ltd.
CADILAHC	Cadila Healthcare Ltd.
CAIRN	Cairn India Ltd.
CALSOFT	California Software Company Ltd.
CTE	Cambridge Technology Enterprises Ltd.
CAMLINFINE	Camlin Fine Sciences Ltd.
CAMPALLIEDBE	Camphor & Allied Products Ltd.
CANFINHOME	Can Fin Homes Ltd.
CANBK	Canara Bank
CANTABIL	Cantabil Retail India Ltd.
CAPCOIT	Capco Industries Ltd.
CAPF	Capital First Ltd.
CAPLIPOINT	Caplin Point Laboratories Ltd.
CGCL	Capri Global Capital Ltd.
CAPRIHANS	Caprihans India Ltd.
CARBORUNIV	Carborundum Universal Ltd.
CAREERP	Career Point Ltd.
CAROLINFO	Carol Info Services Ltd.
CASTEXTECH	Castex Technologies Ltd.
CASTROLIND	Castrol India Ltd.
CCL	CCL Products India Ltd.
COMPACDISCBE	CDI International Ltd.
CEATLTD	Ceat Ltd.
CEENIKEXPOBE	Ceenik Exports (India) Ltd.
CELEBRITY	Celebrity Fashions Ltd.
CELESTIAL	Celestial Biolabs Ltd.
CENTRALBK	Central Bank of India
CIPL	Central India Polyesters Ltd.[Merged]
CENTUM	Centum Electronics Ltd.
CENTBOP	Centurion Bank of Punjab Ltd.
CENTENKA	Century Enka Ltd.
CENTEXT	Century Extrusions Ltd.
CENTURYPLY	Century Plyboards (I) Ltd.
CENTURYTEX	Century Textiles & Industries Ltd.
CERA	Cera Sanitaryware Ltd.
CEREBRAINT	Cerebra Integrated Technologies Ltd.
CESC	CESC Ltd.
CEATFIN	CFL Capital Financial Services Ltd.
CHAMBLFERT	Chambal Fertilisers & Chemicals Ltd.
CHAMPDANYBE	Champdany Industries Ltd.
CHEMFALKAL	Chemfab Alkalies Ltd.
CHEMPLASTBE	Chemplast Sanmar Ltd.
CHENNPETRO	Chennai Petroleum Corporation Ltd.
CHESLINTEX	Cheslind Textiles Ltd.
CHETTINAD	Chettinad Cement Corporation Ltd.
CHI	CHI Investments Ltd.[Amalgamated]
CHOKSITUBEBE	Choksi Tubes Company Ltd.
CHOLAFIN	Cholamandalam Investment & Finance Company Ltd.
CHOWGULSTMBE	Chowgule Steamships Ltd.
CHROMATIC	Chromatic India Ltd.
CIBASPEC	Ciba India Ltd. [Merged]
CIGNITITEC	Cigniti Technologies Ltd.
DBSTOCKBRO	D B (International) Stock Brokers Ltd.
DBREALTY	D B Realty Ltd.
DLINKINDIA	D-Link (India) Ltd.
DABUR	Dabur India Ltd.
DCMDAEWOO	Daewoo Motors India Ltd.
DAICHIKARKBE	Dai Ichi Karkaria Ltd.
DALMIABHA	Dalmia Bharat Ltd.
DALMIASUG	Dalmia Bharat Sugar and Industries Ltd.
DALMIAREF	Dalmia Refractories Ltd.
DATAMATICS	Datamatics Global Services Ltd.
DATAPROINFBE	Datapro Information Technology Ltd.
DATARSWICHBT	Datar Switchgear Ltd.
DBCORP	DB Corp Ltd.
DCBBANK	DCB Bank Ltd.
DCMFINSERV	DCM Financial Services Ltd.
DCM	DCM Ltd.
DCMSRMINDBE	DCM Shriram Industries Ltd.
DCMSHRIRAM	DCM Shriram Ltd.
DCW	DCW Ltd.
DENORA	De Nora India Ltd.
DECCANCE	Deccan Cements Ltd.
DCHLBE	Deccan Chronicle Holdings Ltd.
DECOLIGHT	Decolight Ceramics Ltd.
DEEPIND	Deep Industries Ltd.
DEEPAKFERT	Deepak Fertilisers & Petrochemicals Corporation Ltd.
DEEPAKNTR	Deepak Nitrite Ltd.
DEEPAKSPINBE	Deepak Spinners Ltd.
DELTACORP	Delta Corp Ltd.
DELTAMAGNT	Delta Magnets Ltd.
DEN	Den Networks Ltd.
DENABANK	Dena Bank
DENSO	Denso India Ltd.
DHFL	Dewan Housing Finance Corporation Ltd.
DEWANRUBBE	Dewan Rubber Industries Ltd.
DEWANTYREBE	Dewan Tyres Ltd.
DHAMPURSUG	Dhampur Sugar Mills Ltd.
ELAND	E-Land Apparel Ltd.
ESTCSTSTELBE	Eastcoast Steel Ltd.
EASTSILK	Eastern Silk Industries Ltd.
EASTSUGIND	Eastern Sugar & Industries Ltd.
EASUNREYRL	Easun Reyrolle Ltd.
ECEIND	ECE Industries Ltd.
ECLERX	eClerx Services Ltd.
WESTERNBIOBE	Ecoboard Industries Ltd.
EDELWEISS	Edelweiss Financial Services Ltd.
EDSERV	Edserv Softsystems Ltd.
EDUCOMP	Educomp Solutions Ltd.
EICHERBE	Eicher Ltd.
EICHERMOT	Eicher Motors Ltd.
EIDPARRY	EID Parry (India) Ltd.
EIHAHOTELS	EIH Associated Hotels Ltd.
EIHOTEL	EIH Ltd.
EIMCOELECOBE	Eimco Elecon (India) Ltd.
ELFORGEBE	EL Forge Ltd.
DRBECK	Elantas Beck India Ltd.
ELBEEBE	Elbee Services Ltd.
ELDERPHARMBZ	Elder Pharmaceuticals Ltd.
ELECON	Elecon Engineering Company Ltd.
ELECTRXBE	Electrex (India) Ltd.
ELECTCAST	Electrosteel Castings Ltd.
ESL	Electrosteel Steels Ltd.
ELECTHERM	Electrotherm (India) Ltd.
ELGIUIP	Elgi Equipments Ltd.
ELGIRUBCO	Elgi Rubber Company Ltd.
ELGIRUBBER	Elgi Rubber Company Ltd.(Old)
ELITEIT	Elite Conductors Ltd.
ELNET	Elnet Technologies Ltd.
ELPROINTL	Elpro International Ltd.
EMAMIINFRA	Emami Infrastructure Ltd.
EMAMILTD	Emami Ltd.
EMCO	Emco Ltd.
EMKAY	Emkay Global Financial Services Ltd.
EMKAYTOOLSSM	Emkay Taps & Cutting Tools Ltd.
EMMBI	Emmbi Industries Ltd.
EDL	Empee Distilleries Ltd.
FAGBEARING	Fag Bearings India Ltd.
FALCONTYREBE	Falcon Tyres Ltd.
FAME	Fame India Ltd.[Amalgamated]
FARMAXIND	Farmax India Ltd.
FAZETHREEBE	Faze Three Ltd.
FASTCAPBE	FCGL Industries Ltd.
OENCONNECT	FCI OEN Connectors Ltd.
FLEXCHEM	FCL Technologies & Products Ltd.
FCSSOFT	FCS Software Solutions Ltd.
FDC	FDC Ltd.
FEDDERLOYD	Fedders Lloyd Corporation Ltd.
FEDERALBNK	Federal Bank Ltd.
FMGOETZE	Federal-Mogul Goetze (India) Ltd.
FERROALLOYBE	Ferro Alloys Corporation Ltd.
FACT	Fertilisers and Chemicals Travancore Ltd.
FGPINDBE	FGP Ltd.
FICOMORGANBE	Ficom Organics Ltd.
FIEMIND	FIEM Industries Ltd.
FILATEX	Filatex India Ltd.
FINANTECH	Financial Technologies (India) Ltd.
FCL	Fineotex Chemical Ltd.
FINCABLES	Finolex Cables Ltd.
FINPIPE	Finolex Industries Ltd.
FIRSTLEASEBZ	First Leasing Company of India Ltd.
FIRSTWINBE	First Winner Industries Ltd.
FSL	Firstsource Solutions Ltd.
FLEXENGG	Flex Engineering Ltd.[Merged]
FLEXITUFF	Flexituff International Ltd.
FSS	Flextronics Software Systems Ltdomk
BAJAJTEMPO	Force Motors Ltd.
FORTIS	Fortis Healthcare Ltd.
FOSECOIND	Foseco India Ltd.
FOURTHDIMSM	Fourth Dimension Solutions Ltd.
FKONCO	Fresenius Kabi Oncology Ltd.
FROGCELLIT	Frog Cellsat Ltd.
FULFORD	Fulford (India) Ltd.
INDIANORGBE	Futura Polyesters Ltd.
FCEL	Future Consumer Enterprises Ltd.
FLFL	Future Lifestyle Fashions Ltd.
FMNL	Future Market Networks Ltd.
FRL	Future Retail Ltd.
GANESHANHYBE	Futuristic Offshore Services & Chemical Ltd.
GMBREW	G M Breweries Ltd.
GABRIEL	Gabriel India Ltd.
GAIL	GAIL (India) Ltd.
GALPOWTELBE	Galada Power & Telecommunications Ltd.
GALLISPAT	Gallantt Ispat Ltd.
GALLANTT	Gallantt Metal Ltd.
GAMMONIND	Gammon India Ltd.
GAMMNINFRA	Gammon Infrastructure Projects Ltd.
GANDHITUBE	Gandhi Special Tubes Ltd.
GANESHBENZ	Ganesh Benzoplast Ltd.
GANESHHOUC	Ganesh Housing Corporation Ltd.
GANECOS	Ganesha Ecosphere Ltd.
GANGOTRI	Gangotri Textile Ltd.
GARDENSILK	Garden Silk Mills Ltd.
GARWARPOLYBE	Garware Polyester Ltd.
GARWALLROP	Garware-Wall Ropes Ltd.
GDL	Gateway Distriparks Ltd.
GATI	Gati Ltd.
GAYAPROJ	Gayatri Projects Ltd.
SRFFINANCEBE	GE Capital Transportation Financial Services Ltd
GEECEE	GeeCee Ventures Ltd.
GEEKAYEXIMBE	Geekay Exim (India) Ltd.
GEINDSYSBE	GEI Industrial Systems Ltd.
GEMSPINBE	Gem Spinners India Ltd.
GEMINI	Gemini Communication Ltd.
GENESYS	Genesys International Corporation Ltd.
GENUSPAPER	Genus Paper & Boards Ltd.
GENUSPOWER	Genus Power Infrastructures Ltd.
GEODESIC	Geodesic Ltd.
GEOJITBNPP	Geojit BNP Paribas Financial Services Ltd.
GEOMETRIC	Geometric Ltd.
GHCL	GHCL Ltd.
GISOLUTION	GI Engineering Solutions Ltd.
GICHSGFIN	GIC Housing Finance Ltd.
GILLANDERS	Gillanders Arbuthnot & Company Ltd.
GILLETTE	Gillette India Ltd.
GINNIFILA	Ginni Filaments Ltd.
GIRRESORTSIT	GIR Natureview Resorts Ltd.
NARMADASUG	Girdharilal Sugar & Allied Industries Ltd.
GITANJALI	Gitanjali Gems Ltd.
GKB	GKB Ophthalmics Ltd.
GKWLIMITED	GKW Ltd.
GSKCONS	GlaxoSmithKline Consumer Healthcare Ltd.
GLAXO	GlaxoSmithKline Pharmaceuticals Ltd.
GLENMARK	Glenmark Pharmaceuticals Ltd.
MANTRIHSGBE	Global Infrastructure & Technologies Ltd.
GLOBOFFS	Global Offshore Services Ltd.
GLOBALVECT	Global Vectra Helicorp Ltd.
KARUNACAB	Globus Corporation Ltd.
GLOBUSSPR	Globus Spirits Ltd.
GLODYNEBZ	Glodyne Technoserve Ltd.
GLORY	Glory Films Ltd.
GMRINFRA	GMR Infrastructure Ltd.
GOACARBON	Goa Carbons Ltd.
GOCLCORP	GOCL Corporation Ltd.
GODAVRFERT	Godavari Fertilizers and Chemicals Ltd.[Merged]
GPIL	Godawari Power & Ispat Ltd.
GODFRYPHLP	Godfrey Philips India Ltd.
GODREJCP	Godrej Consumer Products Ltd.
GODREJIND	Godrej Industries Ltd.
GODREJPROP	Godrej Properties Ltd.
GOENKABZ	Goenka Diamond & Jewels Ltd.
HANILERA	Hanil Era Textiles Ltd.
HANUNG	Hanung Toys & Textiles Ltd.
HARIAEXPOBE	Haria Exports Ltd.
HARIGCRANKBE	Harig Crankshafts Ltd.
HARITASEAT	Harita Seating Systems Ltd.
HARRMALAYA	Harrisons Malayalam Ltd.
HARYANSHETBE	Haryana Sheet Glass Ltd.
HATHWAY	Hathway Cable & Datacom Ltd.
HATSUN	Hatsun Agro Products Ltd.
HAVELLS	Havells India Ltd.
HAWKINCOOKBE	Hawkins Cookers Ltd.
HBSTOCK	HB Stockholdings Ltd.
HBLPOWER	HBL Power Systems Ltd.
HCL-INSYS	HCL Infosystems Ltd.
HCLTECH	HCL Technologies Ltd.
HDFCBANK	HDFC Bank Ltd.
REPLENGINEBE	Heatshrink Technologies Ltd.
HECINFRAIT	HEC Infra Projects Ltd.
HEG	HEG Ltd.
HEIDELBERG	Heidelberg Cement India Ltd.
HELIOSMATHBZ	Helios and Matheson Information Technology Ltd.
HERBETSONBT	Herbertsons Ltd.
HERCULES	Hercules Hoists Ltd.
HERITGFOOD	Heritage Foods Ltd.
HEROMOTOCO	Hero MotoCorp Ltd.
HESTERBIO	Hester Biosciences Ltd.
HEXATRADEX	Hexa Tradex Ltd.
HEXAWARE	Hexaware Technologies Ltd.
HITECHSM	Hi-Tech Pipes Ltd.
HIKAL	Hikal Ltd.
HIL	HIL Ltd.
HILTON	Hilton Metal Forging Ltd.
HFCL	Himachal Futuristic Communications Ltd.
HCIL	Himadri Chemicals & Industries Ltd.
HIMGRANITEBE	Himalaya Granites Ltd.
HIMATSEIDE	Himatsingka Seide Ltd.
HINDINDBE	Hind Industries Ltd.
HIRECT	Hind Rectifiers Ltd.
HINDSYNTEX	Hind Syntex Ltd.
HINDALCO	Hindalco Industries Ltd.
IGPL	I G Petrochemicals Ltd.
IPRINGLTD	I P Rings Ltd.
INDOASAHIBE	IAG Glass Company Ltd.
IBP	IBP Company Ltd.
ICICIBANK	ICICI Bank Ltd.
ICICIPREMBE	ICICI Premium Mutual Fund Scheme
ICRA	ICRA Ltd.
ICSA	ICSA-India Ltd.
IDBI	IDBI Bank Ltd.
IDEA	Idea Cellular Ltd.
IDFCBANK	IDFC Bank Ltd.
IDFC	IDFC Ltd.
IFBAGRO	IFB Agro Industries Ltd.
IFBIND	IFB Industries Ltd.
IFCI	IFCI Ltd.
IFGLREFRAC	IFGL Refractories Ltd.
IGARASHI	Igarashi Motors India Ltd.
IGS	iGATE Global Solutions Ltd.
IIFL	IIFL Holdings Ltd.
ILandFSENGG	IL&FS Engineering & Construction Company Ltd.
IVC	IL&FS Investment Managers Ltd.
ILandFSTRANS	IL&FS Transportation Networks Ltd.
INDLMETER	IMP Powers Ltd.
IMPEXFERRO	Impex Ferro Tech Ltd.
INDSWFTLTDBE	Ind Swift Ltd.
INDBANK	Indbank Merchant Banking Services Ltd.
INDIACEM	India Cements Ltd.
IFLBE	India Foils Ltd.[Amalgamted]
INDIAGLYCO	India Glycols Ltd.
INDIALEASEBE	India Lease Development Ltd.
IMPAL	India Motor Parts & Accessories Ltd.
INDNIPPON	India Nippon Electricals Ltd.
INDIAPOLYBE	India Polyfibres Ltd.[Merged]
DPSCLTD	India Power Corporation Ltd.
INDIASECBE	India Securities Ltd.
ISIBARS	India Steel Works Ltd.
INDIABULLS	Indiabulls Financial Services Ltd.[Amalgamated]
IBULHSGFIN	Indiabulls Housing Finance Ltd.
IBREALEST	Indiabulls Real Estate Ltd.
IBVENTURES	Indiabulls Ventures Ltd.
IBWSL	Indiabulls Wholesale Services Ltd.
INDIANACRYBE	Indian Acrylics Ltd.
INDAL	Indian Aluminium Company Ltd.
INDIANB	Indian Bank
INDIANCARD	Indian Card Clothing Company Ltd.
INDHOTEL	Indian Hotels Company Ltd.
INDIANHUME	Indian Hume Pipe Company Ltd.
IMFA	Indian Metals & Ferro Alloys Ltd.
IOC	Indian Oil Corporation Ltd.
IOB	Indian Overseas Bank
IPCL	Indian Petrochemicals Corporation Ltd.
OSWALSUGBE	Indian Sucrose Ltd.
INDTERRAIN	Indian Terrain Fashions Ltd.
INDBIOFOODBE	Indo Biotech Foods Ltd.
ICIL	Indo Count Industries Ltd.
JBCHEPHARM	J B Chemicals & Pharmaceuticals Ltd.
JDORGOCHEMBE	J D Orgochem Ltd.
JFLABSBE	J F Laboratories Ltd.
JKIL	J Kumar Infraprojects Ltd.
JAGAJITINDBE	Jagatjit Industries Ltd.
JAGRAN	Jagran Prakashan Ltd.
JAGSNPHARM	Jagsonpal Pharmaceuticals Ltd.
JAIBALAJI	Jai Balaji Industries Ltd.
JAICORPLTD	Jai Corp Ltd.
JAIPARBOLIBE	Jai Parabolic Springs Ltd.[Amalgamated]
JAIHINDPRO	Jaihind Projects Ltd.
JISLJALS	Jain Irrigation Systems Ltd.
JAINSTUDIOBE	Jain Studios Ltd.
JPASSOCIAT	Jaiprakash Associates Ltd.
JPPOWER	Jaiprakash Power Ventures Ltd.
JandKBANK	Jammu & Kashmir Bank Ltd.
JAMNAAUTO	Jamna Auto Industries Ltd.
JASCHINDBE	Jasch Industries Ltd.
JAYBARMARU	Jay Bharat Maruti Ltd.
JAYSREETEA	Jay Shree Tea & Industries Ltd.
JAYAGROGN	Jayant Agro Organics Ltd.
JAYNECOIND	Jayaswal Neco Industries Ltd.
JKSYNTHETCBE	Jaykay Enterprises Ltd.
JAYPEEHOT	Jaypee Hotels Ltd.(Merged)
JPINFRATEC	Jaypee Infratech Ltd.
JAYDYSTUFBE	Jaysynth Dyestuff (India) Ltd.
JBFIND	JBF Industries Ltd.
JBMA	JBM Auto Ltd.
JCTEL	JCT Electronics Ltd.
JCTBE	JCT Ltd.
JENSONICOL	Jenson & Nicholson (India) Ltd.
JETAIRWAYS	Jet Airways (India) Ltd.
JEYPOREBE	Jeypore Sugar Company Ltd.
SWILBE	Jhagadia Copper Ltd.
JHSBE	JHS Svendgaard Laboratories Ltd.
KAWIRESIT	K A Wires Ltd.
KGDENIMBE	K G Denim Ltd.
KJINTLBE	K J International Ltd.
KSOILS	K S Oils Ltd.
SHREEKRPOL	K-Lifestyle & Industries Ltd.
KABRAEXTRU	Kabra Extrusion Technik Ltd.
KAJARIACER	Kajaria Ceramics Ltd.
KAKATCEM	Kakatiya Cement Sugar & Industries Ltd.
KALINDEE	Kalindee Rail Nirman (Engineers) Ltd.
KALPATPOWR	Kalpataru Power Transmissions Ltd.
KALYANIFRGBE	Kalyani Forge Ltd.
KICL	Kalyani Investment Company Ltd.
KSL	Kalyani Steels Ltd.
KAMATHOTEL	Kamat Hotels (India) Ltd.
KIL	Kamdhenu Ispat Ltd.
KANANIIND	Kanani Industries Ltd.
KANDAGIRI	Kandagiri Spinning Mills Ltd.
KANELOILBE	Kanel Industries Ltd.
KANORICHEM	Kanoria Chemicals & Industries Ltd.
KANSAINER	Kansai Nerolac Paints Ltd.
KARMAENG	Karma Energy Ltd.
KARMAENGBE	Karma Energy Ltd.[Amalgamated]
KTKBANK	Karnataka Bank Ltd.
KARURKCP	Karur KCP Packkagings Ltd.
KARURVYSYA	Karur Vysya Bank Ltd.
KGL	Karuturi Global Ltd.
KAUSHALYA	Kaushalya Infrastructure Development Corpn.Ltd.
KSCL	Kaveri Seed Company Ltd.
KAVVERITEL	Kavveri Telecom Products Ltd.
KAYA	Kaya Ltd.
KCP	KCP Ltd.
KCPSUGIND	KCP Sugar & Industries Corporation Ltd.
KOPDRUGSBZ	KDL Biotech Ltd.
KEC	KEC International Ltd.
KEI	KEI Industries Ltd.
KELLTONTEC	Kellton Tech Solutions Ltd.
KEMROCK	Kemrock Industries & Exports Ltd.
WIDIA	Kennametal India Ltd.
KERNEXBE	Kernex Microsystems (India) Ltd.
KESARENT	Kesar Enterprises Ltd.
KTIL	Kesar Terminals & Infrastructure Ltd.
KESORAMIND	Kesoram Industries Ltd.
KKCL	Kewal Kiran Clothing Ltd.
KEYCORPSER	Keynote Corporate Services Ltd.
KHAITANLTD	Khaitan (India) Ltd.
KHAITANELE	Khaitan Electricals Ltd.
KHANDSE	Khandwala Securities Ltd.
KILBUNENGGBE	Kilburn Engineering Ltd.
LandTFH	L&T Finance Holdings Ltd.
LAOPALA	La Opala RG Ltd.
LABHCONSTBE	Labh Construction & Industries Ltd.
LAKSELECONBE	Lakshmi Electrical Control Systems Ltd.
LAKSHMIEFL	Lakshmi Energy & Foods Ltd.
LFICBE	Lakshmi Finance & Industrial Corporation Ltd.
LAXMIMACH	Lakshmi Machine Works Ltd.
LAKSHMIMIL	Lakshmi Mills Company Ltd.
LAKPRE	Lakshmi Precision Screws Ltd.
LAKSHVILAS	Lakshmi Vilas Bank Ltd.
LAMBODHARA	Lambodhara Textiles Ltd.
LITL	Lanco Infratech Ltd.
LPDC	Landmark Property Development Company Ltd.
LT	Larsen & Toubro Ltd.
LCCINFOTEC	LCC Infotech Ltd.
LDTEXTBE	LD Textile Industries Ltd.
LGBBROSLTD	LG Balakrishnan & Bros Ltd.
LGBFORGE	LGB Forge Ltd.
LIBERTSHOE	Liberty Shoes Ltd.
LICHSGFIN	LIC Housing Finance Ltd.
VATSMUSC	Lila World Wide Ltd.
LINCPEN	Linc Pen & Plastics Ltd.
LINCOLN	Lincoln Pharmaceuticals Ltd.
LINDEINDIA	Linde India Ltd.
LKPMERFINBE	LKP Finance Ltd.
LLOYDELENG	Lloyd Electric and Engineering Ltd.
LLOYDFINBE	Lloyds Finance Ltd.
LLOYDMETALBE	Lloyds Metals & Energy Ltd.
LML	LML Ltd.
LOKHSGBE	Lok Housing & Constructions Ltd.
LOKESHMACH	Lokesh Machines Ltd.
MODIALKALIBE	Lords Chloro Alkali Ltd.
LOTTEINDIA	Lotte India Corporation Ltd.
LOTUSEYE	Lotus Eye Hospital and Institute Ltd.
LOVABLE	Lovable Lingerie Ltd.
DAAWAT	LT Foods Ltd.
LUMAXTECH	Lumax Auto Technologies Ltd.
LUMAXAUTO	Lumax Automotive Systems Ltd.
LUMAXIND	Lumax Industries Ltd.
LUPIN	Lupin Ltd.
LUXIND	Lux Industries Ltd.
LYCOS	Lycos Internet Ltd.
LYKALABS	Lyka Labs Ltd.
LYPSAGEMS	Lypsa Gems & Jewellery Ltd.
MMFL	M M Forgings Ltd.
MPAGROFERTBE	M P Agro Industries Ltd.
MROIT	M R Organisation Ltd.
MAANALU	Maan Aluminium Ltd.
MAARSOFTWBE	Maars Software International Ltd.
MADHAV	Madhav Marbles & Granites Ltd.
MADHUCON	Madhucon Projects Ltd.
MADHURFOODBE	Madhur Industries Ltd.
MADSUDINDBE	Madhusudan Industries Ltd.
MALCO	Madras Aluminium Company Ltd.
MADRASFERT	Madras Fertilizers Ltd.
MAFATLAINDBE	Mafatlal Industries Ltd.
MAGMA	Magma Fincorp Ltd.
MAGNUM	Magnum Ventures Ltd.
MAHAPEXLTD	Maha Rashtra Apex Corporation Ltd.
MTNL	Mahanagar Telephone Nigam Ltd.
MAHSCOOTER	Maharashtra Scooters Ltd.
MAHSEAMLES	Maharashtra Seamless Ltd.
MCSLIT	Mahaveer Cotts Strings Ltd.
MAHENDSUITBE	Mahendra Petrochemicals Ltd.
MandMFIN	Mahindra & Mahindra Financial Services Ltd.
MandM	Mahindra & Mahindra Ltd.
MAHINDCIE	Mahindra CIE Automotive Ltd.
MHRIL	Mahindra Holidays & Resorts India Ltd.
MAHLIFE	Mahindra Lifespace Developers Ltd.
MAHINDUGIN	Mahindra Ugine Steel Company Ltd.
MAIKALFIBRBE	Maikaal Fibres Ltd.
MAITHANALL	Maithan Alloys Ltd.
MAJESCO	Majesco Ltd.
MAJESAUTO	Majestic Auto Ltd.
MAJESTINDBE	Majestic Industries Ltd.
MALUPAPER	Malu Paper Mills Ltd.
MALWACOTTBE	Malwa Cotton Spinning Mills Ltd.
MANINDS	Man Industries (India) Ltd.
MANINFRA	Man Infraconstruction  Ltd.
MANAKALUCO	Manaksia Aluminium Company Ltd.
MANAKCOAT	Manaksia Coated Metals & Industries Ltd.
MANAKINDST	Manaksia Industries Ltd.
MANAKSIA	Manaksia Ltd.
MANAKSTEEL	Manaksia Steels Ltd.
MANALIPETC	Manali Petrochemicals Ltd.
MANAPPURAM	Manappuram Finance Ltd.
MANDHANA	Mandhana Industries Ltd.
MANGLMCEM	Mangalam Cement Ltd.
MANGALAM	Mangalam Drugs and Organics Ltd.
MANGTIMBER	Mangalam Timber Products Ltd.
MANGCHEFER	Mangalore Chemicals & Fertilizers Ltd.
MRPL	Mangalore Refinery And Petrochemicals Ltd.
MANJEERA	Manjeera Constructions Ltd.
MANJUSHREE	Manjushree Technopack Ltd.
MANPASAND	Manpasand Beverages Ltd.
MANUGRAPH	Manugraph India Ltd.
MARALOVER	Maral Overseas Ltd.
MARG	Marg Ltd.
MAKE	Marico Kaya Enterprises Ltd.
MARICO	Marico Ltd.
MARKSANS	Marksans Pharma Ltd.
MARUTI	Maruti Suzuki India Ltd.
MASTEK	Mastek Ltd.
KRISNAFILA	Mavi Industries Ltd.
MAWANASUG	Mawana Sugars Ltd.
MAWANA	Mawana Sugars Ltd.(Old)
MFSL	Max Financial Services Ltd.
MAXWELL	Maxwell Industries Ltd.
MAYURUNIQ	Mayur Uniquoters Ltd.
MBLINFRA	MBL Infrastructures Ltd.
MCDHOLDING	McDowell Holdings Ltd.
MCLEODRUSS	McLeod Russel (India) Ltd.
MBECL	McNally Bharat Engineering Company Ltd.
MEDICAPSBE	Medi-Caps Ltd.
MMWL	Media Matrix Worldwide Ltd.
MEGASOFT	Megasoft Ltd.
NKIND	N K Industries Ltd.
NAGARFERT	Nagarjuna Fertilisers & Chemicals Ltd.(Old)
NAGAROIL	Nagarjuna Oil Refinery Ltd.
NAGREEKCAP	Nagreeka Capital & Infrastructure Ltd.
NAGREEKEXP	Nagreeka Exports Ltd.
NAHARCAP	Nahar Capital & Financial Services Ltd.
NAHARINDUS	Nahar Industrial Enterprises Ltd.
NAHARPOLY	Nahar Poly Films Ltd.
NAHARSPING	Nahar Spinning Mills Ltd.
NAKODA	Nakoda Ltd.
NALCOCHEMBE	Nalco Water India Ltd.
NSIL	Nalwa Sons Investments Ltd.
NAMTECHELE	Namtech Electronic Devices Ltd.
NDL	Nandan Denim Ltd.
NH	Narayana Hrudayalaya Ltd.
NARMDCHEMA	Narmada Chematur Petrochemicals Ltd.
SHAWGELTINBE	Narmada Gelatines Ltd.
NATCOPHARM	Natco Pharma Ltd.
NATHBIOGEN	Nath Bio-Genes (India) Ltd.
NATHPULPBE	Nath Pulp & Paper Mills Ltd.
NATIONALUM	National Aluminium Company Ltd.
NBCC	National Buildings Construction Corporation Ltd.
NFL	National Fertilizers Ltd.
NOL	National Oxygen Ltd.
NATPEROXIDBE	National Peroxide Ltd.
NATNLSTEELBE	National Steel and Agro Industries Ltd.
NEPCPAPERBE	National Wind Power Corporation Ltd.
NBVENTURES	Nava Bharat Ventures Ltd.
NAVINFLUOR	Navin Fluorine International Ltd.
INDYESTUFBE	Navinon Ltd.
NAVKARCORP	Navkar Corporation Ltd.
NAVNETEDUL	Navneet Education Ltd.
NCC	NCC Ltd.
NCLIND	NCL Industries Ltd.
NECLIFE	Nectar Lifesciences Ltd.
NEHAINT	Neha International Ltd.
NELCAST	Nelcast Ltd.
NELCO	Nelco Ltd.
NEOCORPBE	Neo Corp International Ltd.
NEOIT	Neopolitan Pizza Ltd.
NEPCMICONBE	NEPC India Ltd.
NEPCTEXBE	NEPC Textiles Ltd.
NESCO	Nesco Ltd.
OBEROIRLTY	Oberoi Realty Ltd.
OCL	OCL India Ltd.
OISL	OCL Iron & Steel Ltd.
OCTAV	Octav Investments Ltd.[Amalgamated]
ONGC	Oil And Natural Gas Corporation Ltd.
OILCOUNTUB	Oil Country Tubular Ltd.
OIL	Oil India Ltd.
OMMETALS	OM Metals Infraprojects Ltd.
OMAXAUTO	Omax Autos Ltd.
OMAXE	Omaxe Ltd.
OMKARCHEM	Omkar Speciality
OMNITECH	Omnitech InfoSolutions Ltd.
ONELIFECAP	Onelife Capital Advisors Ltd.
ONIDASAVAKBE	Onida Savak Ltd.
ONMOBILE	OnMobile Global Ltd.
ONWARDTEC	Onward Technologies Ltd.
OPALSM	Opal Luxury Time Products Ltd.
OPTELCOMMBE	Optel Telecommunications Ltd.
OPTOCIRCUI	Opto Circuits India Ltd.
OFSS	Oracle Financial Services Software Ltd.
ORBITCORP	Orbit Corporation Ltd.
ORBTEXP	Orbit Exports Ltd.
ORCHIDPHAR	Orchid Pharma Ltd.
ORGINFO	Org Informatics Ltd.
INFARINDIA	Organon (India) Pvt. Ltd.
ORICONENT	Oricon Enterprises Ltd.
ORIENTABRA	Orient Abrasives Ltd.
ORIENTBELL	Orient Bell Ltd.
ORIENTCEM	Orient Cement Ltd.
GREENPOWER	Orient Green Power Company Ltd.
ORIENTINFO	Orient Information Technology Ltd.[Merged]
ORIENTPPR	Orient Paper & Industries Ltd.
ORIENTLTD	Orient Press Ltd.
ORIENTREF	Orient Refractories Ltd.
ORIENTBANK	Oriental Bank of Commerce
OCCL	Oriental Carbon & Chemicals Ltd.
ORIENTHOT	Oriental Hotels Ltd.
ORIENTALTL	Oriental Trimex Ltd.
ORISSAMINE	Orissa Minerals Development Company Ltd.
ORTEL	Ortel Communications Ltd.
ORTINLABSS	Ortin Laboratories Ltd.
OSWALAGROBE	Oswal Agro Mills Ltd.
BINDALAGRO	Oswal Green Tech Ltd.
OSWALMIN	Oswal Minerals Ltd.
OSWALSPGBE	Oswal Spinning & Weaving Mills Ltd.
OUDHSUG	Oudh Sugar Mills Ltd.
HERDIOXIDEBE	Oxides & Specialities Ltd.
PACIFICINDBE	Pacific Industries Ltd.
PADMALAYATBE	Padmalaya Telefilms Ltd.
PAEL	PAE Ltd.
PAGEIND	Page Industries Ltd.
PALCREDITBE	Pal Credit & Capital Ltd.
PENNARALUMBE	PALCO Ltd.
PALREDTECH	Palred Technologies Ltd.
SRG	Pan India Corporation Ltd.
SRGINFOTECBE	Pan India Corporation Ltd.
PANACEABIO	Panacea Biotec Ltd.
PANAMAPET	Panama Petrochem Ltd.
PANASONIC	Panasonic Appliances India Company Ltd.
PAVCI	Panasonic AVC Networks India Co. Ltd.
PANCARBON	Panasonic Carbon India Co. Ltd.
LAKHNNATNL	Panasonic Energy India Company Ltd.
PANCHMACEMBE	Panchmahal Cement Ltd.
PANCHMSTELBE	Panchmahal Steel Ltd.
PANCHSHEEL	Panchsheel Organics Ltd.
PANORAMUNI	Panoramic Universal Ltd.
PANYAMCEMBE	Panyam Cements & Mineral Industries Ltd.
PARABDRUGS	Parabolic Drugs Ltd.
PARACABLES	Paramount Communications Ltd.
PARAPRINTBE	Paramount Printpackaging Ltd.
PARASPETROBE	Paras Petrofils Ltd.
PARASINDBE	Parasrampuria Industries Ltd.
PARALBZ	Parekh Aluminex Ltd.
PAREKHPLATBE	Parekh Platinum Ltd.
PDPL	Parenteral Drugs (India) Ltd.
PARRYSUGAR	Parrys Sugar Industries Ltd.
PARSVNATH	Parsvnath Developers Ltd.
PASUPTACRYBE	Pasupati Acrylon Ltd.
PASUPATI	Pasupati Fabrics Ltd.
PASUPATSPGBE	Pasupati Spinning & Weaving Mills Ltd.
PATELENG	Patel Engineering Ltd.
PATINTLOG	Patel Integrated Logistics Ltd.
PATHEJAFORBE	Patheja Forgings & Auto Parts Manufacturers Ltd.
PATNI	Patni Computer Systems Ltd.
PATSPINLTD	Patspin India Ltd.
PBAINFRA	PBA Infrastructure Ltd.
PCJEWELLER	PC Jeweller Ltd.
PDSMFL	PDS Multinational Fashions Ltd.
PEPLBE	Pearl Engineering Polymers Ltd.
PGIL	Pearl Global Industries Ltd.
PEARLGLOBL	Pearl Global Ltd.
PEARLPOLY	Pearl Polymers Ltd.
PENINLAND	Peninsula Land Ltd.
PENPEBS	Pennar Engineered Building Systems Ltd.
PENIND	Pennar Industries Ltd.
PENTSFWARE	Pentamedia Graphics Ltd.
PENTACOMMU	Pentasoft Technologies Ltd.[Amalgamated]
PERFECTSM	Perfect Infraengineers Ltd.
PKTEA	Peria Karamalai Tea & Produce Company Ltd.
PERMAGNETBE	Permanent Magnets Ltd.
PERSISTENT	Persistent Systems Ltd.
PCLBE	Pertech Computers Ltd.
PETRONENGG	Petron Engineering Construction Ltd.
PETRONET	Petronet LNG Ltd.
PFIZER	Pfizer Ltd.
PGEL	PG Electroplast Ltd.
PHILIPCARB	Phillips Carbon Black Ltd.
PHOENXINTL	Phoenix International Ltd.
PHOENIXLL	Phoenix Lamps Ltd.
PHOENIXLTD	Phoenix Mills Ltd.
PIIND	PI Industries Ltd.
PICCADSUGBE	Piccadily Sugar and Allied Industries Ltd.
PIDILITIND	Pidilite Industries Ltd.
PILITA	Pil Italica Lifestyle Ltd.
PILANIINVSBE	Pilani Investment and Industries Corporation Ltd.
PIONDIST	Pioneer Distilleries Ltd.
PIONEEREMB	Pioneer Embroideries Ltd.
QUICKHEAL	Quick Heal Technologies Ltd.
QUINTEGRA	Quintegra Solutions Ltd.
QVCIT	QVC Realty Co. Ltd.
RSYSTEMS	R Systems International Ltd.
RADAAN	Radaan Mediaworks (I) Ltd.
RMCL	Radha Madhav Corporation Ltd.
RADICO	Radico Khaitan Ltd.
RAIREKMOH	Rai Saheb Rekhchand Mohota Spg. & Wvg. Mills Ltd.
RAINCALCIN	Rain Calcining Ltd.
RAIN	Rain Industries Ltd.
RAINBOWPAP	Rainbow Papers Ltd.
RAJOIL	Raj Oil Mills Ltd.
RAJRAYON	Raj Rayon Industries Ltd.
RAJTV	Raj Television Network Ltd.
RAJPALAYAM	Rajapalayam Mills Ltd.
RAJASPETRO	Rajasthan Petro Synthetics Ltd.
ARENTERPBE	Rajdarshan Industries Ltd.
RAJESHEXPO	Rajesh Exports Ltd.
RAJSREESUG	Rajshree Sugars & Chemicals Ltd.
RAJVIRBE	Rajvir Industries Ltd.
RALLIS	Rallis India Ltd.
RAMAPETROBE	Rama Petrochemicals Ltd.
RAMAPHOSPBE	Rama Phosphates Ltd.
RAMASTEEL	Rama Steel Tubes Ltd.
RAMAVISIONBE	Rama Vision Ltd.
RAMCOIND	Ramco Industries Ltd.
RAMCOSYS	Ramco Systems Ltd.
RAMGOPOLYBE	Ramgopal Polytex Ltd.
RKFORGE	Ramkrishna Forgings Ltd.
RAMKY	Ramky Infrastructure Ltd.
RAMSARUPBE	Ramsarup Industries Ltd.
RANASUG	Rana Sugars Ltd.
RANBAXY	Ranbaxy Laboratories Ltd.
RML	Rane (Madras) Ltd.
RBL	Rane Brake Lining Ltd.
RANEBRAKE	Rane Brake Linings Ltd.(Old)
RANEENGINE	Rane Engine Valve Ltd.
REVL	Rane Engine Valves Ltd.(Old)
RANEHOLDIN	Rane Holdings Ltd.
RANKAQUABE	Rank Industries Ltd.
RANKLIN	Ranklin Solutions Ltd.
RASLAMIPAK	Ras Propack Lamipack Ltd. [Amalgamated]
RCF	Rashtriya Chemicals & Fertilizers Ltd.
RASOYPR	Rasoya Proteins Ltd.
RATNAINFRAIT	Ratnaakar Infrastructure Ltd.
RATNAMANI	Ratnamani Metals & Tubes Ltd.
RTNINFRA	RattanIndia Infrastructure Ltd.
RTNPOWER	RattanIndia Power Ltd.
RAVALSUGAR	Ravalgaon Sugar Farm Ltd.
RKDL	Ravi Kumar Distilleries Ltd.
BAUSCHLOMB	RayBan Sun Optics India Ltd.
RAYMOND	Raymond Ltd.
RAYMONDSYNBE	Recron Synthetics Ltd.
REDINGTON	Redington (India) Ltd.
SHK	S H Kelkar & Company Ltd.
SKUMARSYNFBZ	S Kumars Nationwide Ltd.
SandSINDBE	S&S Industries & Enterprises Ltd.
SABERORGAN	Sabero Organics Gujarat Ltd.
SADBHAV	Sadbhav Engineering Ltd.
SADBHIN	Sadbhav Infrastructure Projects Ltd.
SAGCEM	Sagar Cements Ltd.
SAISERVICEBE	Sai Service Pvt. Ltd.
SAKSOFT	Saksoft Ltd.
SAKTHIFIN	Sakthi Finance Ltd.
SAKHTISUG	Sakthi Sugars Ltd.
SAKUMA	Sakuma Exports Ltd.
SALSTEEL	SAL Steel Ltd.
SALONACOT	Salona Cotspin Ltd.
SALORAINTL	Salora International Ltd.
SALZERELEC	Salzer Electronics Ltd.
SAMINDUS	Sam Industries Ltd.
SAMBANDAM	Sambandam Spinning Mills Ltd.
SAMBHAAV	Sambhaav Media Ltd.
SAMRUDDHI	Samruddhi Cement Ltd.[Merged]
SAMTEL	Samtel Color Ltd.
SAMTELTDBE	Samtel India Ltd.
SANCOSM	Sanco Industries Ltd.
SANDESH	Sandesh Ltd.
SANGAMIND	Sangam (India) Ltd.
SANGHIIND	Sanghi Industries Ltd.
SANGHIPOLY	Sanghi Polyesters Ltd.
SANGHVIFOR	Sanghvi Forging & Engineering Ltd.
SANGHVIMOV	Sanghvi Movers Ltd.
SANOFI	Sanofi India Ltd.
SANWARIA	Sanwaria Agro Oils Ltd.
SARDAEN	Sarda Energy & Minerals Ltd.
SAREGAMA	Saregama India Ltd.
SARLAPOLY	Sarla Performance Fibers Ltd.
SARTHAKIND	Sarthak Industries Ltd.
SASKEN	Sasken Communication Technologies Ltd.
SATHAISPAT	Sathavahana Ispat Ltd.
SATIN	Satin Creditcare Network Ltd.
SATYAMCOMP	Satyam Computer Services Ltd.(Merged)
SAURASHCEMBE	Saurashtra Cements Ltd.
SAURASTPPRBE	Saurashtra Paper & Board Mills Ltd.
SAVERA	Savera Industries Ltd.
SOTL	Savita Oil Technologies Ltd.
SAYAJIHOTLBE	Sayaji Hotels Ltd.
SBandTINTL	SB&T International Ltd.
SCHNEIDER	Schneider Electric Infrastructure Ltd.
SCINTSOFT	Scintilla Software Technology Ltd.
SEINV	SE Investments Ltd.
SEPOWER	SE Power Ltd.
SEAMECLTD	Seamec Ltd.
SEZAL	Sejal Glass Ltd.
SELMCL	SEL Manufacturing Company Ltd.
SELAN	Selan Exploration Technology Ltd.
SERENDYSTFBE	Serene Industries Ltd.
SERVALL	Servalakshmi Paper Ltd.
SESHAPAPER	Seshasayee Paper & Boards Ltd.
SRIMANORGBE	Seya Industries Ltd.
SHAANINTERBE	Shaan Interwell (India) Ltd.
SHAHALLOYS	Shah Alloys Ltd.
SHAIVALSM	Shaival Reality Ltd.
SHAKTIPUMP	Shakti Pumps (India) Ltd.
SHALPAINTS	Shalimar Paints Ltd.
SHAMKNFAB	Shamken Multifab Ltd.
SHAMKNSPIN	Shamken Spinners Ltd.
SHANTIGEAR	Shanthi Gears Ltd.
SHARDACROP	Sharda Cropchem Ltd.
SHARDAMOTR	Sharda Motor Industries Ltd.
SHRIYAMSEC	Shardul Securities Ltd.
SHARONBIO	Sharon Bio-Medicine Ltd.
KALYANISHP	Sharp India Ltd.
SHASUNPHAR	Shasun Pharmaceuticals Ltd.[Merged]
SHAWALLACEBE	Shaw Wallace & Company Ltd. (Merged)
SPYL	Shekhawati Poly Yarn Ltd.
SHEMAROO	Shemaroo Entertainment Ltd.
SHETRONBE	Shetron Ltd.
SHILPAMED	Shilpa Medicare Ltd.
SHILPI	Shilpi Cable Technologies Ltd.
SCI	Shipping Corporation of India Ltd.
SHIRPUR-G	Shirpur Gold Refinery Ltd.
SHIVTEX	Shiva Texyarn Ltd.
SHIVAMAUTO	Shivam Autotech Ltd.
SHOPERSTOP	Shoppers Stop Ltd.
SHREEASHTA	Shree Ashtavinayak Cine Vision Ltd.
SHREECEM	Shree Cements Ltd.
SHREDIGCEMBE	Shree Digvijay Cement Company Ltd.
SGFLBE	Shree Ganesh Forgings Ltd.
SGJHL	Shree Ganesh Jewellery House (I) Ltd.
SHPRE	Shree Precoated Steels Ltd.
SHREEPUSHK	Shree Pushkar Chemicals & Fertilisers Ltd.
SHRERAJSYNBE	Shree Rajasthan Syntex Ltd.
SHREERAMABE	Shree Rama Multi-Tech Ltd.
RAMANEWS	Shree Rama Newsprint Ltd.
RENUKA	Shree Renuka Sugars Ltd.
SATYAMCEMBE	Shreeji Phosphate Ltd.
SHRENUJ	Shrenuj & Company Ltd.
SHREYANIND	Shreyans Industries Ltd.
SHREYAS	Shreyas Shipping & Logistics Ltd.
SHRIASTERBE	Shri Aster Silicates Ltd.
SHRIDINESHBE	Shri Dinesh Mills Ltd.
SHLAKSHMIBZ	Shri Lakshmi Cotsyn Ltd.
TTL	T T Ltd.
TAINWALCHM	Tainwala Chemicals & Plastics (India) Ltd.
TAJGVK	Taj GVK Hotels & Resorts Ltd.
TAKE	Take Solutions Ltd.
TAKSHEELBE	Taksheel Solutions Ltd.
TALBROAUTO	Talbros Automotive Components Ltd.
TALWALKARS	Talwalkars Better Value Fitness Ltd.
TNPL	Tamil Nadu Newsprint And Papers Ltd.
TNTELEBE	Tamil Nadu Telecommunications Ltd.
TNPETRO	Tamilnadu Petroproducts Ltd.
TANEJAEROBE	Taneja Aerospace & Aviation Ltd.
TANFACIND	Tanfac Industries Ltd.
TANLA	Tanla Solutions Ltd.
TANTIACONS	Tantia Constructions Ltd.
TARAJEWELS	Tara Jewels Ltd.
TARAPUR	Tarapur Transformers Ltd.
TARMAT	Tarmat Ltd.
TATACHEM	Tata Chemicals Ltd.
TATACOFFEE	Tata Coffee Ltd.
TATACOMM	Tata Communications Ltd.
TCS	Tata Consultancy Services Ltd.
TATAELXSI	Tata Elxsi Ltd.
TATAGLOBAL	Tata Global Beverages Ltd.
TATAINVEST	Tata Investment Corporation Ltd.
TATAMETALI	Tata Metaliks Ltd.
TATAMOTORS	Tata Motors Ltd.
TATAPOWER	Tata Power Company Ltd.
TATASPONGE	Tata Sponge Iron Ltd.
TATASTEEL	Tata Steel Ltd.
TTML	Tata Teleservices (Maharashtra) Ltd.
TATAYODOGA	Tayo Rolls Ltd.
TCIDEVELOP	TCI Developers Ltd.
TCIFINANCE	TCI Finance Ltd.
TCPLTDBE	TCP Ltd.
TDPOWERSYS	TD Power Systems Ltd.
TEAMLEASE	TeamLease Services Ltd.
TECHM	Tech Mahindra Ltd.
TECHIN	Techindia Nirman Ltd.
TECHNO	Techno Electric & Engineering Company Ltd.
TECHNOELEC	Techno Electric & Engineering company Ltd. [Merged]
TIIL	Technocraft Industries (India) Ltd.
TECHNOFAB	Technofab Engineering Ltd.
TECPROBZ	Tecpro Systems Ltd.
TELEMARINEBE	Teledata Marine Solutions Ltd.
TELEDATAITBE	Teledata Technology Solutions Ltd.
TELEPHNCAB	Telephone Cables Ltd.
TV-18	Television Eighteen India Ltd.
VULCANENGBE	Terruzzi Fercalx India Ltd.
TEXINFRA	Texmaco Infrastructure & Holdings Ltd.
TEXRAIL	Texmaco Rail & Engineering Ltd.
TEXMOPIPES	Texmo Pipes & Products Ltd.
TGBHOTELS	TGB Banquets and Hotels Ltd.
THANGAMAYL	Thangamayil Jewellery Ltd.
ANANDAMRUB	The Anandam Rubber Company Ltd.
BYKE	The Byke Hospitality Ltd.
HITECHGEAR	The Hi-Tech Gears Ltd.
RAMCOCEM	The Ramco Cements Ltd.
THEJOSM	Thejo Engineering Ltd.
THEMISMED	Themis Medicare Ltd.
THERMAX	Thermax Ltd.
THIRUSUGAR	Thiru Arooran Sugars Ltd.
UBENGGBZ	UB Engineering Ltd.
UCALFUEL	Ucal Fuel Systems Ltd.
UCOBANK	UCO Bank
JKUDYOGBE	Udaipur Cement Works Ltd.
UFLEX	Uflex Ltd.
UFO	UFO Moviez India Ltd.
UGARSUGAR	Ugar Sugar Works Ltd.
UJAAS	Ujaas Energy Ltd.
ULTRMARINE	Ultramarine & Pigments Ltd.
ULTRACEMCO	UltraTech Cement Ltd.
UMANGDAIRY	Umang Dairies Ltd.
UNICHEMLAB	Unichem Laboratories Ltd.
UNIFLEX	Uniflex Cables Ltd.[Amalgamated]
UNIMINBE	Unimin India Ltd.
UNIONBANK	Union Bank of India
UNIENTER	Uniphos Enterprises Ltd.
UNIPLY	Uniply Industries Ltd.
UNITECH	Unitech Ltd.
UNITEDBNK	United Bank of India
UBHOLDINGS	United Breweries (Holdings) Ltd.
UBL	United Breweries Ltd.
UNITEDTEA	United Nilgiri Tea Estates Company Ltd.
MCDOWELL-N	United Spirits Ltd.
UNIWESTBNK	United Western Bank Ltd.[Merged]
UNITY	Unity Infraprojects Ltd.
UNIVCABLES	Universal Cables Ltd.
WOOLWORTHBE	Uniworth Ltd.
UPL	UPL Ltd.
UPERGANGES	Upper Ganges Sugar & Industries Ltd.
USHAISPATBE	Usha Ispat Ltd.
UMESLTD	Usha Martin Education & Solutions Ltd.
USHAMART	Usha Martin Ltd.
USHDEVINTBE	Ushdev International Ltd.
USHERAGRO	Usher Agro Ltd.
MASTERSHAR	UTI Mastershare
UTTAMSTL	Uttam Galva Steels Ltd.
UTTAMSUGAR	Uttam Sugar Mills Ltd.
UTTAMVALUE	Uttam Value Steels Ltd.
UTVSOF	UTV Software Communications Ltd.
VBDESAIFINBE	V B Desai Financial Services Ltd.
VMART	V Mart Retail Ltd.
VGUARD	V-Guard Industries Ltd.
V2RETAIL	V2 Retail Ltd.
WABAG	Va Tech Wabag Ltd.
VADILALIND	Vadilal Industries Ltd.
VAIBHAVGBL	Vaibhav Global Ltd.
VAKRANGEE	Vakrangee Ltd.
VALECHAENG	Valecha Engineering Ltd.
VALUEIND	Value Industries Ltd.
VARDHACRLC	Vardhman Acrylics Ltd.
VHL	Vardhman Holdings Ltd.
VARDMNPOLY	Vardhman Polytex Ltd.
VSSL	Vardhman Special Steels Ltd.
VTL	Vardhman Textiles Ltd.
VARUNBZ	Varun Industries Ltd.
VARUNSHIPBZ	Varun Shipping Company Ltd.
VASCON	Vascon Engineers Ltd.
VASWANI	Vaswani Industries Ltd.
VATSALTDBE	Vatsa Corporation Ltd.
VEDL	Vedanta Ltd.
NIYATILEASBE	Veerhealth Care Ltd.
VEGPROFOODBE	Vegepro Foods and Feeds Ltd.
VENKEYS	Venky's (India) Ltd.
VENLONPOLYBE	Venlon Enterprises Ltd.
VTCINDBE	Ventura Textiles Ltd.
VENUSREM	Venus Remedies Ltd.
VENUSUGARBE	Venus Sugar Ltd.
VESUVIUS	Vesuvius India Ltd.
VETO	Veto Switchgears & Cables Ltd.
VICEROY	Viceroy Hotels Ltd.
VIDEOIND	Videocon Industries Ltd.
VIDHIDYE	Vidhi Dyestuffs Manufacturing Ltd.
VIJSHAN	Vijay Shanthi Builders Ltd.
VIJAYABANK	Vijaya Bank
WSI	W S Industries (India) Ltd.
WABCOINDIA	WABCO India Ltd.
GFL	Wadala Commodities Ltd.
WALCHANNAG	Walchandnagar Industries Ltd.
WANBURYBE	Wanbury Ltd.
WARRENTEA	Warren Tea Ltd.
WARTSILA	Wartsila India Ltd.
WATERBASEBT	Waterbase Ltd.
WEBELSOLAR	Websol Energy Systems Ltd.
WEIZFOREX	Weizmann Forex Ltd.
WEIZFOREXBE	Weizmann Forex Ltd.[Amalgamated]
WEIZMANIND	Weizmann Ltd.
WELMANINCABE	Wellman Incandescent India Ltd.
WELLWININD	Wellwin Industry Ltd.
WELCORP	Welspun Corp Ltd.
WELENT	Welspun Enterprises Ltd.
WELENTRP	Welspun Enterprises Ltd. (Old)
WELGLOBBE	Welspun Global Brands Ltd.[Amalgamated]
WELSPUNIND	Welspun India Ltd.
WELINV	Welspun Investments & Commercials Ltd.
WENDT	Wendt India Ltd.
WSTCSTPAPR	West Coast Paper Mills Ltd.
WHEELS	Wheels India Ltd.
WHIRLPOOL	Whirlpool of India Ltd.
WILLARDLTDBE	Willard India Ltd.
WILLAMAGOR	Williamson Magor & Company Ltd.
GEORGWILIMBE	Williamson Tea Assam Ltd.
WIMPLAST	Wim Plast Ltd.
WINDMACHIN	Windsor Machines Ltd.
WINSOMEDJ	Winsome Diamonds and Jewellery Ltd.
WINSOME	Winsome Yarns Ltd.
WIPRO	Wipro Ltd.
WESTINDSECBE	Wisec Global Ltd.
WOCKPHARMA	Wockhardt Ltd.
WONDERLA	Wonderla Holidays Ltd.
WOPOLIN	Wopolin Plastics Ltd.
WYETH	Wyeth Ltd.
XCHANGING	Xchanging Solutions Ltd.
XLENERGY	XL Energy Ltd.
XPROINDIA	Xpro India Ltd.
YESBANK	YES Bank Ltd.
YOKOGAWA	Yokogawa India Ltd
YUKENINDIABE	Yuken India Ltd.
ZANDUREALT	Zandu Realty Ltd.
ZEEL	Zee Entertainment Enterprises Ltd.
ZEELEARN	Zee Learn Ltd.
ZEEMEDIA	Zee Media Corporation Ltd.
ZENTEC	Zen Technologies Ltd.
ZENITHBIR	Zenith Birla (India) Ltd.
ZENITHCOMP	Zenith Computers Ltd.
ZENITHEXPO	Zenith Exports Ltd.
ZENITHINFOBE	Zenith Infotech Ltd.
ZENSARTECH	Zensar Technologies Ltd.
ZFSTEERINGBE	ZF Steering Gear (India) Ltd.
ZICOM	Zicom Electronic Security Systems Ltd.
ZODIACLOTH	Zodiac Clothing Company Ltd.
ZODJRDMKJ	Zodiac JRD MKJ Ltd.
ZUARI	Zuari Agro Chemicals Ltd.
ZUARIGLOB	Zuari Global Ltd.
ZYDUSWELL	Zydus Wellness Ltd.
ZYLOGBE	Zylog Systems Ltd.
20MICRONS	20 Microns Ltd.
3IINFOTECH	3i Infotech Ltd.
3MINDIA	3M India Ltd.
3RDROCKIT	3rd Rock Multimedia Ltd.
8KMILES	8K Miles Software Services Ltd.
